date,cases,deaths,recovered
2020-01-22,557,17,30
2020-01-23,657,18,32
2020-01-24,944,26,39
2020-01-25,1437,42,42
2020-01-26,2120,56,56
2020-01-27,2929,82,65
2020-01-28,5580,131,108
2020-01-29,6169,133,127
2020-01-30,8237,172,145
2020-01-31,9927,214,225
2020-02-01,12038,260,287
2020-02-02,16787,364,476
2020-02-03,19887,428,627
2020-02-04,23899,494,857
2020-02-05,27644,566,1130
2020-02-06,30806,636,1493
2020-02-07,34400,721,2016
2020-02-08,37131,808,2617
2020-02-09,40162,908,3247
2020-02-10,42771,1015,3949
2020-02-11,44814,1115,4684
2020-02-12,45232,1120,5151
2020-02-13,60384,1373,6294
2020-02-14,66912,1525,8061
2020-02-15,69055,1668,9397
2020-02-16,71238,1772,10867
2020-02-17,73273,1870,12587
2020-02-18,75155,2010,14352
2020-02-19,75655,2125,16123
2020-02-20,76216,2250,18181
2020-02-21,76846,2254,18894
2020-02-22,78608,2462,22892
2020-02-23,78990,2473,23397
2020-02-24,79558,2633,25229
2020-02-25,80412,2713,27907
2020-02-26,81384,2774,30388
2020-02-27,82728,2817,33282
2020-02-28,84152,2876,36714
2020-02-29,86023,2946,39785
2020-03-01,88402,3000,42721
2020-03-02,90382,3090,45605
2020-03-03,92994,3164,48227
2020-03-04,95338,3260,51170
2020-03-05,98078,3355,53796
2020-03-06,102062,3469,55864
2020-03-07,106199,3573,58358
2020-03-08,109997,3815,60695
2020-03-09,114292,4009,62495
2020-03-10,119051,4284,64402
2020-03-11,126527,4636,66999
2020-03-12,133283,4957,68328
2020-03-13,146477,5460,70255
2020-03-14,157365,5886,72622
2020-03-15,168598,6557,76031
2020-03-16,183165,7268,78086
2020-03-17,198339,8119,80830
2020-03-18,215900,9075,83317
2020-03-19,242987,10217,84958
2020-03-20,272517,11791,87403
2020-03-21,304944,13599,91650
2020-03-22,339156,15427,97867
2020-03-23,381711,17523,98355
2020-03-24,423594,19949,107974
2020-03-25,475075,22920,113753
2020-03-26,535889,26173,122125
2020-03-27,599820,29812,130910
2020-03-28,669402,33861,139421
2020-03-29,725918,37680,148877
2020-03-30,790929,42050,164213
2020-03-31,869371,47218,177803
2020-04-01,955728,53862,193075
2020-04-02,1038176,60115,210218
2020-04-03,1122386,66617,225640
2020-04-04,1182507,72976,246052
2020-04-05,1254222,78897,259888
2020-04-06,1328948,85324,276597
2020-04-07,1397886,93841,299859
2020-04-08,1480062,101061,328741
2020-04-09,1567243,109216,353995
2020-04-10,1653665,116957,375733
2020-04-11,1729180,123939,401983
2020-04-12,1847761,130453,421366
2020-04-13,1919593,136966,448623
2020-04-14,2004226,144323,473697
2020-04-15,2082482,153088,510236
2020-04-16,2176950,160800,541119
2020-04-17,2264830,169688,567303
2020-04-18,2343082,176118,591169
2020-04-19,2419404,182219,622952
2020-04-20,2495886,188730,645130
2020-04-21,2571973,195926,679932
2020-04-22,2654011,203205,710017
2020-04-23,2736728,210475,738747
2020-04-24,2820291,217313,788776
2020-04-25,2903496,223363,816531
2020-04-26,2974291,228179,845343
2020-04-27,3045275,233624,873227
2020-04-28,3121107,240253,906439
2020-04-29,3198435,247233,948516
2020-04-30,3282087,253486,1013632
2020-05-01,3371033,259073,1051789
2020-05-02,3449295,265119,1092440
2020-05-03,3523292,269394,1124973
2020-05-04,3600929,274239,1159059
2020-05-05,3680614,280386,1195532
2020-05-06,3771036,287146,1241651
2020-05-07,3860174,293012,1281176
2020-05-08,3950657,298967,1317589
2020-05-09,4035000,303885,1371030
2020-05-10,4110223,308223,1404839
2020-05-11,4186364,312301,1451724
2020-05-12,4271644,318031,1488766
2020-05-13,4355992,323468,1544638
2020-05-14,4451634,329217,1584349
2020-05-15,4547536,334970,1632452
2020-05-16,4641426,339511,1688863
2020-05-17,4719789,343391,1729871
2020-05-18,4808921,347786,1782787
2020-05-19,4904739,352754,1834839
2020-05-20,5010162,358160,1893809
2020-05-21,5116135,363195,1945029
2020-05-22,5223477,368901,2053576
2020-05-23,5327627,373355,2108410
2020-05-24,5420843,376755,2163937
2020-05-25,5509066,378449,2227666
2020-05-26,5601428,383229,2282818
2020-05-27,5703984,388449,2346145
2020-05-28,5823977,393440,2413008
2020-05-29,5945413,398596,2490273
2020-05-30,6080456,402955,2560723
2020-05-31,6183316,406242,2637107
2020-06-01,6283580,409983,2692032
2020-06-02,6406221,415254,2796144
2020-06-03,6517437,420875,2875235
2020-06-04,6655667,426403,2945305
2020-06-05,6789073,431460,3014470
2020-06-06,6918403,435600,3086674
2020-06-07,7029415,438857,3141783
2020-06-08,7132463,443312,3293394
2020-06-09,7258445,448357,3375664
2020-06-10,7395607,453783,3454835
2020-06-11,7531793,458920,3540714
2020-06-12,7659267,463663,3620434
2020-06-13,7793175,468056,3706326
2020-06-14,7925122,471838,3777145
2020-06-15,8050034,475905,3857420
2020-06-16,8193933,483023,3955283
2020-06-17,8337135,488500,4074114
2020-06-18,8480229,493854,4155277
2020-06-19,8661225,500212,4250267
2020-06-20,8847108,504694,4366121
2020-06-21,8940170,509338,4434807
2020-06-22,9082502,513205,4526440
2020-06-23,9250625,518774,4630495
2020-06-24,9422061,524272,4746246
2020-06-25,9601576,529382,4839130
2020-06-26,9794066,534465,4945110
2020-06-27,9970478,539201,5051396
2020-06-28,10138935,542822,5140599
2020-06-29,10291617,546894,5235170
2020-06-30,10475388,552146,5352510
2020-07-01,10690516,557487,5468424
2020-07-02,10895486,563001,5753358
2020-07-03,11098124,568241,5863246
2020-07-04,11287838,573035,6059006
2020-07-05,11474058,576880,6178369
2020-07-06,11642331,581148,6302068
2020-07-07,11851900,587508,6447101
2020-07-08,12067186,593137,6605157
2020-07-09,12291782,598986,6739775
2020-07-10,12524663,604728,6879221
2020-07-11,12737483,609869,7004913
2020-07-12,12930415,614171,7116749
2020-07-13,13124893,618607,7257072
2020-07-14,13345920,624592,7399324
2020-07-15,13575706,630511,7559130
2020-07-16,13820618,636673,7711615
2020-07-17,14058038,643711,7895036
2020-07-18,14293379,650241,8045823
2020-07-19,14505270,655135,8133881
2020-07-20,14713414,659101,8293009
2020-07-21,14956435,665439,8467705
2020-07-22,15231791,672857,8647437
2020-07-23,15511422,679494,8823667
2020-07-24,15794928,685956,9051967
2020-07-25,16044485,692021,9271779
2020-07-26,16256294,696430,9415080
2020-07-27,16490680,701726,9586463
2020-07-28,16754567,708664,9756921
2020-07-29,17024801,715292,9959507
2020-07-30,17306582,722069,10173026
2020-07-31,17594044,728679,10372632
2020-08-01,17840315,734665,10553543
2020-08-02,18070926,739352,10692267
2020-08-03,18276983,744209,10914712
2020-08-04,18542287,751380,11138369
2020-08-05,18817443,758757,11360064
2020-08-06,19104145,765604,11548871
2020-08-07,19386579,772357,11740917
2020-08-08,19651806,778381,11941161
2020-08-09,19884801,783575,12119939
2020-08-10,20118013,788952,12284150
2020-08-11,20383576,795567,12589218
2020-08-12,20658646,802540,12829863
2020-08-13,20948740,809327,12993779
2020-08-14,21255813,815894,13277021
2020-08-15,21504839,821948,13445625
2020-08-16,21714880,826748,13678579
2020-08-17,21927762,831371,13889591
2020-08-18,22187166,838427,14117186
2020-08-19,22464640,844850,14335183
2020-08-20,22736119,851277,14542973
2020-08-21,22998072,857049,14711467
2020-08-22,23261601,862838,14921384
2020-08-23,23464360,867145,15137915
2020-08-24,23692460,872002,15337336
2020-08-25,23937668,878565,15568885
2020-08-26,24219359,885102,15794619
2020-08-27,24506622,891317,16001856
2020-08-28,24790561,897142,16200974
2020-08-29,25051295,902930,16412387
2020-08-30,25271033,907204,16622627
2020-08-31,25535340,911637,16823417
2020-09-01,25802224,918238,17081379
2020-09-02,26084114,924555,17300616
2020-09-03,26369544,930655,17521985
2020-09-04,26671276,936495,17735486
2020-09-05,26944997,941588,17936474
2020-09-06,27173995,945723,18148265
2020-09-07,27391278,955346,18345813
2020-09-08,27637790,960469,18547610
2020-09-09,27923100,966734,18787877
2020-09-10,28227493,972736,19004538
2020-09-11,28543855,978735,19228208
2020-09-12,28832580,983793,19451142
2020-09-13,29081415,987756,19638990
2020-09-14,29348555,992363,19867489
2020-09-15,29629107,998925,20093776
2020-09-16,29934059,1004793,20323253
2020-09-17,30249632,1010441,20543464
2020-09-18,30576278,1016293,20794613
2020-09-19,30869397,1021566,21031598
2020-09-20,31124526,1025548,21268675
2020-09-21,31384435,1029976,21514153
2020-09-22,31668754,1036127,21733546
2020-09-23,31980407,1042678,21996959
2020-09-24,32301360,1048346,22252629
2020-09-25,32631974,1054363,22491837
2020-09-26,32918085,1059795,22753980
2020-09-27,33165079,1063680,22967859
2020-09-28,33426328,1067794,23190401
2020-09-29,33709128,1073842,23431685
2020-09-30,34033675,1080268,23679903
2020-10-01,34352787,1089162,23901445
2020-10-02,34682292,1094892,24073730
2020-10-03,34979647,1099676,24329331
2020-10-04,35240179,1103717,24551490
2020-10-05,35551524,1110806,24788958
2020-10-06,35867647,1116668,25021584
2020-10-07,36216841,1122589,25276775
2020-10-08,36576162,1128972,25496281
2020-10-09,36936565,1135152,25703071
2020-10-10,37292089,1140057,25898476
2020-10-11,37581583,1144252,26121116
2020-10-12,37871608,1148379,26321235
2020-10-13,38190980,1153728,26513680
2020-10-14,38571764,1159891,26725965
2020-10-15,38978760,1166100,26933292
2020-10-16,39389280,1172313,27136306
2020-10-17,39761413,1178040,27334589
2020-10-18,40092656,1181999,27536100
2020-10-19,40467606,1186841,27738631
2020-10-20,40856480,1193465,27950078
2020-10-21,41296091,1200368,28161300
2020-10-22,41778168,1206346,28388093
2020-10-23,42272069,1213450,28594827
2020-10-24,42728414,1219368,28806408
2020-10-25,43087247,1223733,29003666
2020-10-26,43570291,1229572,29242801
2020-10-27,44038754,1236958,29832506
2020-10-28,44560523,1244133,30098468
2020-10-29,45111898,1251370,30345219
2020-10-30,45683640,1259145,30600993
2020-10-31,46155745,1265816,30845322
2020-11-01,46594934,1271172,31103269
2020-11-02,47143303,1277629,31383406
2020-11-03,47708817,1287201,31634979
2020-11-04,48200961,1297094,31914298
2020-11-05,48820295,1305834,32217953
2020-11-06,49443478,1314990,32506314
2020-11-07,50042669,1322776,32805330
2020-11-08,50533518,1329177,33058570
2020-11-09,51043324,1336758,33315623
2020-11-10,51614069,1346533,33572983
2020-11-11,52238734,1356950,33953207
2020-11-12,52878929,1366665,34179446
2020-11-13,53539863,1376562,34481578
2020-11-14,54126889,1385731,34759397
2020-11-15,54617117,1392659,34990157
2020-11-16,55142751,1400713,35380887
2020-11-17,55745063,1411682,35814478
2020-11-18,56367328,1423148,36177588
2020-11-19,57021314,1434288,36551887
2020-11-20,57695345,1446066,36907311
2020-11-21,58287916,1455371,37246581
2020-11-22,58785996,1463040,37520305
2020-11-23,59320006,1471765,37931518
2020-11-24,59910792,1484276,38303697
2020-11-25,60527871,1496269,38741107
2020-11-26,61117132,1507211,39107983
2020-11-27,61812474,1518732,39489609
2020-11-28,62420041,1528249,39849315
2020-11-29,62915662,1535902,40167598
2020-11-30,63422239,1544981,40569854
2020-12-01,64037142,1557368,41046058
2020-12-02,64677389,1569854,41508984
2020-12-03,65367986,1582561,41935968
2020-12-04,66064345,1594992,42426585
2020-12-05,66706697,1605596,42862533
2020-12-06,67250638,1613691,43178577
2020-12-07,67785484,1622523,43591716
2020-12-08,68416150,1634560,44032487
2020-12-09,69081500,1647129,44458967
2020-12-10,70576907,1659547,44950193
2020-12-11,71282658,1672729,45428333
2020-12-12,71931348,1683558,46933276
2020-12-13,72470142,1691787,47328395
2020-12-14,73021298,1700981,41338398
2020-12-15,73669919,1714204,41696562
2020-12-16,74387461,1728111,42058782
2020-12-17,75126063,1741277,42434191
2020-12-18,75847501,1754342,42751919
2020-12-19,76483006,1765600,43103505
2020-12-20,77030307,1773979,43380334
2020-12-21,77576529,1783464,43723554
2020-12-22,78227986,1797308,44086739
2020-12-23,78910081,1811049,44410879
2020-12-24,79603472,1823258,44725551
2020-12-25,80096696,1831882,45017157
2020-12-26,80629340,1840235,45425321
2020-12-27,81042534,1848389,45717709
2020-12-28,81541719,1857935,46016135
2020-12-29,82213594,1872872,46369230
2020-12-30,82938894,1888314,46757475
2020-12-31,83778622,1901777,47055807
2021-01-01,84342314,1911418,47359111
2021-01-02,84946690,1920880,47614296
2021-01-03,85467020,1928820,47882778
2021-01-04,86024461,1938770,48173186
2021-01-05,86765351,1954189,48488547
2021-01-06,87556264,1969110,48801672
2021-01-07,88426222,1984073,49125603
2021-01-08,89261637,1999363,49422866
2021-01-09,90017904,2012679,49753111
2021-01-10,90619443,2022236,50023661
2021-01-11,91233917,2032515,50313949
2021-01-12,91926453,2049477,50657506
2021-01-13,92669726,2065943,51023567
2021-01-14,93428784,2081663,51396412
2021-01-15,94212637,2097380,51717034
2021-01-16,94869509,2111413,52034089
2021-01-17,95397119,2121283,52349804
2021-01-18,95914366,2131731,52668557
2021-01-19,96507148,2147411,53071501
2021-01-20,97194354,2165160,53399272
2021-01-21,97863110,2182453,53765411
2021-01-22,98526596,2198512,54147168
2021-01-23,99103312,2213077,54463661
2021-01-24,99565294,2222839,54774618
2021-01-25,100046846,2233981,55089059
2021-01-26,100608158,2251396,55418602
2021-01-27,101209122,2268312,55759371
2021-01-28,101824237,2284838,56075030
2021-01-29,102413219,2300601,56439137
2021-01-30,102928083,2313886,56790303
2021-01-31,103324692,2323435,57079202
2021-02-01,103767694,2333683,57351844
2021-02-02,104233148,2348540,57702034
2021-02-03,104758397,2364399,58031881
2021-02-04,105230171,2377326,58325870
2021-02-05,105766676,2394507,58607157
2021-02-06,106201874,2406362,58901714
2021-02-07,106553422,2414130,59179149
2021-02-08,106893339,2423690,59411983
2021-02-09,107300629,2438420,59783591
2021-02-10,107741093,2452277,60052899
2021-02-11,108184860,2466147,60328984
2021-02-12,108614449,2479026,60616583
2021-02-13,108994937,2489712,60862826
2021-02-14,109303582,2496818,61058257
2021-02-15,109584404,2504635,61346870
2021-02-16,109944197,2515738,61582275
2021-02-17,110330576,2527093,61876216
2021-02-18,110741376,2539082,62112834
2021-02-19,111151038,2550740,62347470
2021-02-20,111526248,2559836,62616686
2021-02-21,111845811,2566627,62833943
2021-02-22,112141380,2573874,63016513
2021-02-23,112534122,2585355,63295143
2021-02-24,112979052,2597797,63504602
2021-02-25,113432016,2608800,63732294
2021-02-26,113873956,2619349,63992562
2021-02-27,114270693,2628079,64243284
2021-02-28,114578478,2634579,64418461
2021-03-01,114883979,2642087,64633387
2021-03-02,115197242,2652344,64903491
2021-03-03,115639088,2663901,65132899
2021-03-04,116097496,2674306,65383179
2021-03-05,116546593,2684847,65609539
2021-03-06,116960620,2693104,65846042
2021-03-07,117335064,2699185,66084362
2021-03-08,117640533,2706378,66358920
2021-03-09,118054577,2716871,66621153
2021-03-10,118513444,2727028,66856509
2021-03-11,119003124,2737241,67129126
2021-03-12,119492372,2747105,67397682
2021-03-13,119947968,2755757,67650214
2021-03-14,120313043,2761748,67895902
2021-03-15,120667127,2769255,68185781
2021-03-16,121134161,2779868,68452266
2021-03-17,121679877,2790458,68716802
2021-03-18,122227806,2801179,68985878
2021-03-19,122790345,2811995,69264939
2021-03-20,123288792,2820738,69523150
2021-03-21,123729261,2829290,69803249
2021-03-22,124150452,2837256,70137878
2021-03-23,124656291,2848741,70451020
2021-03-24,125285990,2859349,70786662
2021-03-25,125938183,2870902,71098479
2021-03-26,126578225,2883671,71463065
2021-03-27,127162758,2893881,71768318
2021-03-28,127655412,2901166,72097106
2021-03-29,128114688,2909829,72401542
2021-03-30,128676894,2921730,72736785
2021-03-31,129350790,2934661,73119294
2021-04-01,130060609,2946963,73464080
2021-04-02,130705394,2957615,73784287
2021-04-03,131245744,2966954,74150288
2021-04-04,131805666,2974382,74498476
2021-04-05,132302655,2982636,74846289
2021-04-06,132910149,2995089,75216285
2021-04-07,133573288,3010448,75699590
2021-04-08,134409344,3024749,76094849
2021-04-09,135156662,3039094,76548562
2021-04-10,135827306,3052100,76933556
2021-04-11,136536918,3061223,77464028
2021-04-12,137150764,3071131,77858760
2021-04-13,137914588,3084925,78345222
2021-04-14,138725902,3099015,78792112
2021-04-15,139547133,3112671,79236514
2021-04-16,140406983,3126051,79740631
2021-04-17,141200970,3138668,80259167
2021-04-18,141901080,3147807,80839358
2021-04-19,142592012,3158941,81374733
2021-04-20,143431609,3173235,81979570
2021-04-21,144320851,3187988,82491870
2021-04-22,145220252,3201909,83128166
2021-04-23,146127911,3217170,83767998
2021-04-24,146952141,3230302,84344289
2021-04-25,147680627,3241075,84878103
2021-04-26,148369677,3252705,85565469
2021-04-27,149208799,3267706,86246373
2021-04-28,150107590,3283651,86843038
2021-04-29,151001625,3299390,87550354
2021-04-30,151892994,3313809,88236950
2021-05-01,152687904,3326848,88919400
2021-05-02,153375175,3337179,89612414
2021-05-03,154065632,3348864,90255903
2021-05-04,154850588,3362923,90912803
2021-05-05,155692589,3377827,91626285
2021-05-06,156565435,3392403,92301897
2021-05-07,157400261,3406868,92998026
2021-05-08,158188559,3420197,93709031
2021-05-09,158837968,3430671,94371824
2021-05-10,159463612,3441763,95000510
2021-05-11,160189411,3455934,95751514
2021-05-12,160956898,3470075,96399063
2021-05-13,161691597,3483510,97089180
2021-05-14,162401162,3496538,97754527
2021-05-15,163032774,3508823,98397064
2021-05-16,163579396,3519124,99064468
2021-05-17,164122938,3530454,99808930
2021-05-18,164742576,3544530,100552043
2021-05-19,165414621,3557987,101250070
2021-05-20,165696927,3571167,101886759
2021-05-21,166323402,3584143,102501547
2021-05-22,166895763,3595588,103118308
2021-05-23,167377386,3605452,103620279
2021-05-24,167828464,3614598,104247871
2021-05-25,168361871,3627580,104824934
2021-05-26,168930299,3640387,105380747
2021-05-27,169477196,3653327,106078105
2021-05-28,169982707,3665348,106633068
2021-05-29,170463127,3676155,107140668
2021-05-30,170853074,3684555,107630597
2021-05-31,171240130,3693252,108159766
2021-06-01,171700134,3708466,108743649
2021-06-02,172187762,3720392,109272023
2021-06-03,172668261,3730550,109701213
2021-06-04,173093152,3741209,110226715
2021-06-05,173489803,3750622,110704845
2021-06-06,173812784,3757928,111146371
2021-06-07,174134551,3766003,111568368
2021-06-08,174504668,3776657,111983104
2021-06-09,174922960,3786840,112435799
2021-06-10,175376464,3802820,112849488
2021-06-11,175798501,3814560,113225020
2021-06-12,176166881,3824370,113563994
2021-06-13,176469682,3833641,113993655
2021-06-14,176778984,3841632,114340429
2021-06-15,177153741,3852383,114800574
2021-06-16,177542916,3862466,115149801
2021-06-17,177938911,3871765,115530279
2021-06-18,178342418,3880958,115849842
2021-06-19,178689716,3889039,116181692
2021-06-20,178994480,3895907,116446786
2021-06-21,179291135,3902891,116804004
2021-06-22,179701349,3911876,117107408
2021-06-23,180097972,3921222,117507151
2021-06-24,180507231,3929883,117796862
2021-06-25,180924899,3939117,118125509
2021-06-26,181287796,3946659,118420068
2021-06-27,181599032,3952754,118678807
2021-06-28,181932050,3959315,119006263
2021-06-29,182313258,3967474,119299679
2021-06-30,182712726,3976679,119580620
2021-07-01,183148268,3985220,120008476
2021-07-02,183590610,3993596,120299518
2021-07-03,183964437,4000499,120569293
2021-07-04,184292181,4007139,120868181
2021-07-05,184670098,4014530,121235174
2021-07-06,185120629,4023012,121563017
2021-07-07,185585871,4031566,121831180
2021-07-08,186067750,4040486,122123831
2021-07-09,186580986,4048903,122462949
2021-07-10,187002099,4055467,122907153
2021-07-11,187371991,4063098,123197639
2021-07-12,187806155,4071240,123499875
2021-07-13,188331814,4079621,123783322
2021-07-14,188869796,4088212,124113063
2021-07-15,189446223,4096847,124394119
2021-07-16,190042161,4105608,124784824
2021-07-17,190531011,4113118,125065613
2021-07-18,190951220,4119721,125382096
2021-07-19,191440687,4126947,125688817
2021-07-20,191973106,4147646,126008997
2021-07-21,192529214,4156313,126315580
2021-07-22,193094403,4165094,126671708
2021-07-23,193822543,4173425,126918098
2021-07-24,194254462,4182089,127435324
2021-07-25,194700076,4189471,127762741
2021-07-26,195240703,4197977,128063201
2021-07-27,195847033,4207766,128409040
2021-07-28,196497116,4217888,128745703
2021-07-29,197139985,4228154,129094091
2021-07-30,197872339,4237757,129401282
2021-07-31,198389684,4246601,129705211
2021-08-01,198872752,4254020,129994389
2021-08-02,199443855,4262171,130277533
2021-08-03,200078130,4272524,130582001
2021-08-04,200758588,4283016,130899061
2021-08-05,201444210,4294008,0
2021-08-06,202263736,4304479,0
2021-08-07,202825005,4313156,0
2021-08-08,203292722,4320653,0
2021-08-09,203911805,4329483,0
2021-08-10,204557617,4341001,0
2021-08-11,205288310,4351528,0
2021-08-12,205994052,4362040,0
2021-08-13,206795847,4372514,0
2021-08-14,207348758,4381256,0
2021-08-15,207815449,4388700,0
2021-08-16,208479793,4398564,0
2021-08-17,209162480,4409274,0
2021-08-18,209898123,4420094,0
2021-08-19,210609857,4431541,0
2021-08-20,211395070,4442035,0
2021-08-21,211954124,4450955,0
2021-08-22,212402204,4458738,0
2021-08-23,213086398,4468791,0
2021-08-24,213763171,4479815,0
2021-08-25,214500582,4491128,0
2021-08-26,215237031,4502719,0
2021-08-27,215988154,4513136,0
2021-08-28,216545334,4521572,0
2021-08-29,216992164,4528394,0
2021-08-30,217664015,4537965,0
2021-08-31,218284677,4547280,0
2021-09-01,219003757,4559705,0
2021-09-02,219680532,4570959,0
2021-09-03,220404105,4581684,0
2021-09-04,220900816,4589458,0
2021-09-05,221347788,4596034,0
2021-09-06,221825561,4604204,0
2021-09-07,222482051,4614669,0
2021-09-08,223119762,4624746,0
2021-09-09,223759907,4635493,0
2021-09-10,224418618,4644672,0
2021-09-11,224887140,4653045,0
2021-09-12,225258543,4658713,0
2021-09-13,225836445,4667871,0
2021-09-14,226386274,4677775,0
2021-09-15,226953125,4688201,0
2021-09-16,227540479,4698716,0
2021-09-17,228163698,4707779,0
2021-09-18,228687569,4714262,0
2021-09-19,229050966,4720360,0
2021-09-20,229581157,4728733,0
2021-09-21,230069837,4738088,0
2021-09-22,230604815,4747809,0
2021-09-23,231152445,4757656,0
2021-09-24,231701691,4766356,0
2021-09-25,232075693,4771829,0
2021-09-26,232431512,4777361,0
2021-09-27,232914281,4785135,0
2021-09-28,233365258,4794511,0
2021-09-29,233856235,4803804,0
2021-09-30,234346132,4812680,0
2021-10-01,234868134,4821315,0
2021-10-02,235218776,4827259,0
2021-10-03,235527819,4831615,0
2021-10-04,235974883,4838855,0
2021-10-05,236397732,4846217,0
2021-10-06,236904785,4855353,0
2021-10-07,237366619,4864310,0
2021-10-08,237842039,4871872,0
2021-10-09,238182243,4876698,0
2021-10-10,238498696,4881452,0
2021-10-11,238886684,4887418,0
2021-10-12,239324892,4895389,0
2021-10-13,239781314,4904291,0
2021-10-14,240234710,4912300,0
2021-10-15,240692696,4919505,0
2021-10-16,241034054,4924851,0
2021-10-17,241347355,4929210,0
2021-10-18,241775141,4935809,0
2021-10-19,242206709,4943758,0
2021-10-20,242683018,4952429,0
2021-10-21,243145068,4960196,0
2021-10-22,243637892,4968369,0
2021-10-23,244008150,4974256,0
2021-10-24,244317353,4978899,0
2021-10-25,244769753,4985790,0
2021-10-26,245196224,4993535,0
2021-10-27,245710221,5002670,0
2021-10-28,246193247,5011607,0
2021-10-29,246687330,5019428,0
2021-10-30,247061943,5025432,0
2021-10-31,247410790,5030069,0
2021-11-01,247868435,5036555,0
2021-11-02,248272884,5043629,0
2021-11-03,248797676,5052089,0
2021-11-04,249315133,5059658,0
2021-11-05,249839415,5068238,0
2021-11-06,250245164,5074885,0
2021-11-07,250585863,5079504,0
2021-11-08,251110911,5086314,0
2021-11-09,251580325,5094315,0
2021-11-10,252153854,5102578,0
2021-11-11,252674737,5110254,0
2021-11-12,253274490,5119251,0
2021-11-13,253670214,5125542,0
2021-11-14,254018493,5130270,0
2021-11-15,254620079,5137386,0
2021-11-16,255126904,5144998,0
2021-11-17,255742113,5154150,0
2021-11-18,256363770,5162439,0
2021-11-19,256978407,5170412,0
2021-11-20,257416423,5176440,0
2021-11-21,257796215,5181079,0
2021-11-22,258500870,5188530,0
2021-11-23,259093463,5196540,0
2021-11-24,259751368,5205110,0
2021-11-25,260348589,5212967,0
2021-11-26,260962280,5219862,0
2021-11-27,261381085,5225727,0
2021-11-28,261770875,5230630,0
2021-11-29,262513214,5238554,0
2021-11-30,263113681,5246577,0
2021-12-01,263816145,5255817,0
2021-12-02,264523382,5265978,0
2021-12-03,265254220,5274569,0
2021-12-04,265726430,5280087,0
2021-12-05,266146231,5287507,0
2021-12-06,266849953,5294966,0
2021-12-07,267489200,5302689,0
2021-12-08,268200544,5310986,0
2021-12-09,268898928,5319552,0
2021-12-10,269592462,5327568,0
2021-12-11,270059366,5333403,0
2021-12-12,270485916,5337997,0
2021-12-13,271179799,5344930,0
2021-12-14,271816596,5352663,0
2021-12-15,272556770,5361688,0
2021-12-16,273300997,5369034,0
2021-12-17,274068563,5376334,0
2021-12-18,274598505,5382005,0
2021-12-19,275083461,5386352,0
2021-12-20,275893527,5393631,0
2021-12-21,276652188,5401189,0
2021-12-22,277566671,5411559,0
2021-12-23,278578699,5418816,0
2021-12-24,279434799,5424511,0
2021-12-25,280116791,5428824,0
2021-12-26,280692270,5432656,0
2021-12-27,282033889,5439626,0
2021-12-28,283370260,5447300,0
2021-12-29,285075127,5455241,0
2021-12-30,287025253,5462660,0
2021-12-31,288728291,5469019,0
2022-01-01,289931428,5473282,0
2022-01-02,290849939,5476678,0
2022-01-03,293188320,5482492,0
2022-01-04,295801747,5491173,0
2022-01-05,298385756,5498943,0
2022-01-06,301054978,5506555,0
2022-01-07,304008616,5513806,0
2022-01-08,306145200,5519014,0
2022-01-09,308150282,5523075,0
2022-01-10,311401997,5529985,0
2022-01-11,314432404,5539088,0
2022-01-12,317879058,5548116,0
2022-01-13,321066163,5556348,0
2022-01-14,324382616,5564318,0
2022-01-15,326810379,5570448,0
2022-01-16,328981578,5574962,0
2022-01-17,331759391,5581472,0
2022-01-18,335523995,5590572,0
2022-01-19,339607276,5600509,0
2022-01-20,343341570,5610150,0
2022-01-21,347151687,5620108,0
2022-01-22,349801473,5626133,0
2022-01-23,352184811,5631303,0
2022-01-24,355817671,5640214,0
2022-01-25,359471485,5650697,0
2022-01-26,363233158,5661409,0
2022-01-27,366932890,5671713,0
2022-01-28,370611819,5684057,0
2022-01-29,373175361,5691951,0
2022-01-30,375352380,5697504,0
2022-01-31,379211855,5707928,0
2022-02-01,382341587,5720605,0
2022-02-02,385526232,5732521,0
2022-02-03,388720309,5744164,0
2022-02-04,391675874,5757335,0
2022-02-05,393779507,5765553,0
2022-02-06,395542316,5771531,0
2022-02-07,398516432,5782632,0
2022-02-08,401116122,5795427,0
2022-02-09,403549117,5808554,0
2022-02-10,406363391,5820436,0
2022-02-11,408788228,5832423,0
2022-02-12,410513339,5841073,0
2022-02-13,411919279,5846347,0
2022-02-14,413962163,5857576,0
2022-02-15,415832953,5868222,0
2022-02-16,418072759,5881335,0
2022-02-17,420135672,5893543,0
2022-02-18,422119106,5904181,0
2022-02-19,423596187,5912539,0
2022-02-20,424789720,5917919,0
2022-02-21,426495378,5925467,0
2022-02-22,428169102,5935518,0
2022-02-23,430086590,5947505,0
2022-02-24,431874501,5958316,0
2022-02-25,433528807,5967385,0
2022-02-26,434802795,5973927,0
2022-02-27,435854949,5978627,0
2022-02-28,437463827,5986294,0
2022-03-01,439062564,5994765,0
2022-03-02,440722439,6002946,0
2022-03-03,442497646,6011120,0
2022-03-04,444260070,6019817,0
2022-03-05,445550401,6025459,0
2022-03-06,446660147,6029686,0
2022-03-07,448401620,6037552,0
2022-03-08,449985919,6044438,0
2022-03-09,451976099,6052634,0
2022-03-10,453847080,6060159,0
2022-03-11,455719680,6066369,0
2022-03-12,457280387,6071102,0
2022-03-13,458418032,6074656,0
2022-03-14,460415942,6080255,0
2022-03-15,462225344,6085871,0
2022-03-16,464464205,6092759,0
2022-03-17,466542109,6099841,0
2022-03-18,468433636,6105602,0
2022-03-19,469913015,6109457,0
2022-03-20,470873843,6112784,0
2022-03-21,472753728,6128916,0
2022-03-22,474730951,6133991,0
2022-03-23,476534854,6139975,0
2022-03-24,478319055,6145245,0
2022-03-25,480078626,6154420,0
2022-03-26,481203035,6157240,0
2022-03-27,482053796,6159875,0
2022-03-28,483898093,6164157,0
2022-03-29,485649915,6168605,0
2022-03-30,487247590,6173509,0
2022-03-31,488810861,6178001,0
2022-04-01,490229883,6182878,0
2022-04-02,491102544,6185451,0
2022-04-03,491795689,6187345,0
2022-04-04,493029039,6190722,0
2022-04-05,494394436,6194890,0
2022-04-06,495614407,6199209,0
2022-04-07,496892754,6203530,0
2022-04-08,498067151,6207458,0
2022-04-09,498809406,6209802,0
2022-04-10,499371019,6211574,0
2022-04-11,500357346,6214427,0
2022-04-12,501476932,6217706,0
2022-04-13,502551958,6221772,0
2022-04-14,503514561,6225333,0
2022-04-15,504173546,6227807,0
2022-04-16,504728004,6229417,0
2022-04-17,505135766,6230953,0
2022-04-18,505593027,6232516,0
2022-04-19,506611148,6235533,0
2022-04-20,507572864,6239694,0
2022-04-21,508494564,6242784,0
2022-04-22,509326073,6245549,0
2022-04-23,509804848,6247151,0
2022-04-24,510170201,6248317,0
2022-04-25,510807207,6250454,0
2022-04-26,511586152,6254734,0
2022-04-27,512270545,6257861,0
2022-04-28,513029820,6260860,0
2022-04-29,513674263,6263399,0
2022-04-30,514028003,6264863,0
2022-05-01,514337424,6266066,0
2022-05-02,514784854,6267807,0
2022-05-03,515456909,6270002,0
2022-05-04,516084404,6273723,0
2022-05-05,516684038,6275963,0
2022-05-06,517314925,6278096,0
2022-05-07,517654258,6279250,0
2022-05-08,517933111,6280091,0
2022-05-09,518623538,6281977,0
2022-05-10,519264799,6283976,0
2022-05-11,519959508,6286202,0
2022-05-12,520612153,6288197,0
2022-05-13,521185114,6290079,0
2022-05-14,521623840,6291043,0
2022-05-15,521997492,6291822,0
2022-05-16,522587922,6293400,0
2022-05-17,523196288,6295253,0
2022-05-18,523956899,6297614,0
2022-05-19,524552967,6299347,0
2022-05-20,525179079,6301345,0
2022-05-21,525546242,6302438,0
2022-05-22,525862056,6303048,0
2022-05-23,526355204,6304610,0
2022-05-24,526949796,6306262,0
2022-05-25,527593755,6308875,0
2022-05-26,528096493,6310309,0
2022-05-27,528666149,6312283,0
2022-05-28,528995178,6313120,0
2022-05-29,529271873,6313739,0
2022-05-30,529616224,6314848,0
2022-05-31,530241569,6316371,0
2022-06-01,530939976,6318382,0
2022-06-02,531470716,6320070,0
2022-06-03,532014270,6321601,0
2022-06-04,532267351,6322293,0
2022-06-05,532530338,6323106,0
2022-06-06,532965247,6324071,0
2022-06-07,533576907,6326085,0
2022-06-08,534283486,6328655,0
2022-06-09,534848531,6330211,0
2022-06-10,535405294,6331910,0
2022-06-11,535689085,6332832,0
2022-06-12,535887333,6333409,0
2022-06-13,536415150,6335097,0
2022-06-14,537272203,6336934,0
2022-06-15,537994296,6338929,0
2022-06-16,538577138,6340792,0
2022-06-17,539110151,6342051,0
2022-06-18,539338742,6342696,0
2022-06-19,539607241,6343376,0
2022-06-20,540362445,6344898,0
2022-06-21,541178509,6346630,0
2022-06-22,541984328,6348658,0
2022-06-23,542767959,6350472,0
2022-06-24,543545293,6352244,0
2022-06-25,543862216,6353044,0
2022-06-26,544148980,6353707,0
2022-06-27,545021364,6355178,0
2022-06-28,545963319,6357110,0
2022-06-29,546896134,6358937,0
2022-06-30,547974317,6360329,0
2022-07-01,548925491,6362195,0
2022-07-02,549284928,6363030,0
2022-07-03,549643412,6363765,0
2022-07-04,550495502,6364917,0
2022-07-05,551700794,6367127,0
2022-07-06,552926114,6369463,0
2022-07-07,553979237,6372169,0
2022-07-08,554985885,6374458,0
2022-07-09,555489725,6375501,0
2022-07-10,555912593,6376347,0
2022-07-11,556965871,6378130,0
2022-07-12,558188894,6380590,0
2022-07-13,559615969,6383201,0
2022-07-14,560618337,6385278,0
2022-07-15,561620875,6387586,0
2022-07-16,562173878,6388670,0
2022-07-17,562633320,6389656,0
2022-07-18,563831363,6391734,0
2022-07-19,565376142,6394813,0
2022-07-20,566978238,6397714,0
2022-07-21,568132310,6400258,0
2022-07-22,569227609,6403118,0
2022-07-23,569864429,6404405,0
2022-07-24,570415520,6405438,0
2022-07-25,571389219,6407386,0
2022-07-26,572585879,6410303,0
2022-07-27,574012504,6413653,0
2022-07-28,575128637,6416416,0
2022-07-29,576504042,6419438,0
2022-07-30,577080293,6420533,0
2022-07-31,577625050,6421448,0
2022-08-01,578498268,6423883,0
2022-08-02,579688847,6426763,0
2022-08-03,580844327,6429907,0
2022-08-04,582298507,6433081,0
2022-08-05,583199840,6436031,0
2022-08-06,584378161,6437762,0
2022-08-07,584876085,6438704,0
2022-08-08,585692322,6441006,0
2022-08-09,586732558,6444566,0
2022-08-10,587759595,6447272,0
2022-08-11,588765069,6450479,0
2022-08-12,589518048,6453293,0
2022-08-13,590154612,6454777,0
2022-08-14,590615366,6455771,0
2022-08-15,591470649,6458166,0
2022-08-16,592553956,6461602,0
2022-08-17,593544473,6464838,0
2022-08-18,594489234,6467820,0
2022-08-19,595290702,6470533,0
2022-08-20,595865130,6471724,0
2022-08-21,596349664,6473445,0
2022-08-22,597060819,6474866,0
2022-08-23,597949972,6477794,0
2022-08-24,598834543,6480950,0
2022-08-25,599699548,6483907,0
2022-08-26,600401903,6486436,0
2022-08-27,600854582,6487647,0
2022-08-28,601260827,6488670,0
2022-08-29,601837965,6490683,0
2022-08-30,602585861,6493182,0
2022-08-31,603339040,6496550,0
2022-09-01,604018804,6499102,0
2022-09-02,604676287,6501819,0
2022-09-03,605052969,6502896,0
2022-09-04,605423358,6504007,0
2022-09-05,605881148,6505453,0
2022-09-06,606554997,6507768,0
2022-09-07,607171546,6509944,0
2022-09-08,607755506,6512183,0
2022-09-09,608281134,6514478,0
2022-09-10,608594366,6515421,0
2022-09-11,608908659,6516207,0
2022-09-12,609393741,6517720,0
2022-09-13,609942218,6519702,-1
2022-09-14,610640243,6522032,-1
2022-09-15,611251541,6524602,-1
2022-09-16,611707437,6526611,-1
2022-09-17,612002534,6527461,-1
2022-09-18,612257111,6528049,-1
2022-09-19,612673963,6529431,-1
2022-09-20,613227572,6531261,-1
2022-09-21,613745750,6533318,0
2022-09-22,614365390,6535513,0
2022-09-23,614883451,6537341,0
2022-09-24,615148616,6538177,0
2022-09-25,615371539,6538685,0
2022-09-26,615794219,6540058,0
2022-09-27,616393758,6541661,0
2022-09-28,616943716,6544003,0
2022-09-29,617587849,6546289,0
2022-09-30,618060372,6547762,0
2022-10-01,618301429,6548432,0
2022-10-02,618502138,6548998,0
2022-10-03,618822004,6550361,0
2022-10-04,619422193,6551963,0
2022-10-05,620005197,6554150,0
2022-10-06,620645800,6556162,0
2022-10-07,621221027,6557961,0
2022-10-08,621440044,6558674,0
2022-10-09,621658996,6559308,0
2022-10-10,622112629,6560625,0
2022-10-11,622802836,6562536,0
2022-10-12,623353219,6564438,0
2022-10-13,624016113,6566543,0
2022-10-14,624494008,6568259,0
2022-10-15,624712097,6569036,0
2022-10-16,624904267,6569584,0
2022-10-17,625380762,6571344,0
2022-10-18,626009472,6573191,0
2022-10-19,626536431,6575434,0
2022-10-20,627131819,6577637,0
2022-10-21,627563033,6579639,0
2022-10-22,627745374,6580259,0
2022-10-23,627906174,6580853,0
2022-10-24,628292158,6582173,0
2022-10-25,628887107,6584353,0
2022-10-26,629354131,6586858,0
2022-10-27,629825004,6588984,0
2022-10-28,630188852,6590467,0
2022-10-29,630387961,6591138,0
2022-10-30,630555274,6591741,0
2022-10-31,630855587,6592962,0
2022-11-01,631257223,6595764,0
2022-11-02,631605553,6597350,0
2022-11-03,632099160,6599695,0
2022-11-04,632543650,6601673,0
2022-11-05,632744972,6602286,0
2022-11-06,632931615,6602830,0
2022-11-07,633236212,6603974,0
2022-11-08,633687028,6605250,0
2022-11-09,634121053,6607365,0
2022-11-10,634581453,6609457,0
2022-11-11,635069827,6611165,0
2022-11-12,635312334,6611612,0
2022-11-13,635495843,6612117,0
2022-11-14,635842682,6613462,0
2022-11-15,636346431,6614527,0
2022-11-16,636832747,6616833,0
2022-11-17,637312096,6618875,0
2022-11-18,637942820,6621234,0
2022-11-19,638190175,6621728,0
2022-11-20,638412606,6622317,0
2022-11-21,638754188,6623443,0
2022-11-22,639328415,6625184,0
2022-11-23,639919189,6627291,0
2022-11-24,640339580,6628690,0
2022-11-25,641037771,6630892,0
2022-11-26,641308397,6631404,0
2022-11-27,641571858,6631994,0
2022-11-28,641977647,6633172,0
2022-11-29,642708342,6634772,0
2022-11-30,643244123,6636401,0
2022-12-01,643950364,6638794,0
2022-12-02,644711955,6641139,0
2022-12-03,645011864,6641748,0
2022-12-04,645269011,6642384,0
2022-12-05,645774500,6643774,0
2022-12-06,646399010,6645516,0
2022-12-07,647032502,6647694,0
2022-12-08,647841604,6650703,0
2022-12-09,648512056,6652882,0
2022-12-10,648786733,6653491,0
2022-12-11,649085967,6654152,0
2022-12-12,649658720,6655818,0
2022-12-13,650436793,6657780,0
2022-12-14,651122541,6660233,0
2022-12-15,651873247,6663038,0
2022-12-16,652605304,6665736,0
2022-12-17,652905777,6666547,0
2022-12-18,653189501,6667338,0
2022-12-19,653775912,6669159,0
2022-12-20,654484792,6671373,0
2022-12-21,655205564,6673938,0
2022-12-22,655963530,6676603,0
2022-12-23,656604975,6679286,0
2022-12-24,656949354,6680275,0
2022-12-25,657135648,6681140,0
2022-12-26,657655053,6682247,0
2022-12-27,658309208,6684351,0
2022-12-28,658946340,6687147,0
2022-12-29,659617625,6690067,0
2022-12-30,660199728,6692483,0
2022-12-31,660463792,6693376,0
2023-01-01,660778387,6694422,0
2023-01-02,661198108,6695785,0
2023-01-03,661660893,6698027,0
2023-01-04,662231345,6700950,0
2023-01-05,662966595,6704613,0
2023-01-06,663685449,6707751,0
2023-01-07,664042494,6708702,0
2023-01-08,664369944,6709761,0
2023-01-09,664718936,6711921,0
2023-01-10,665113877,6714281,0
2023-01-11,665620426,6717557,0
2023-01-12,666097539,6720999,0
2023-01-13,666533383,6723980,0
2023-01-14,666754735,6724994,0
2023-01-15,666951599,6785897,0
2023-01-16,667166217,6787220,0
2023-01-17,667518310,6789239,0
2023-01-18,667896028,6792400,0
2023-01-19,668220526,6796012,0
2023-01-20,668562246,6799459,0
2023-01-21,668715650,6812953,0
2023-01-22,668830077,6813633,0
2023-01-23,669001131,6815188,0
2023-01-24,669272951,6817236,0
2023-01-25,669567171,6819539,0
2023-01-26,669848920,6822660,0
2023-01-27,670086844,6824464,0
2023-01-28,670220207,6831519,0
2023-01-29,670344054,6832256,0
2023-01-30,670503932,6833468,0
2023-01-31,670734589,6835338,0
2023-02-01,671032404,6838027,0
2023-02-02,671291489,6840771,0
2023-02-03,671529548,6843097,0
2023-02-04,671632287,6847046,0
2023-02-05,671721476,6847646,0
2023-02-06,671867463,6848667,0
2023-02-07,672065240,6849942,0
2023-02-08,672295338,6851942,0
2023-02-09,672554241,6854280,0
2023-02-10,672696324,6855413,0
2023-02-11,672828531,6856046,0
2023-02-12,672906177,6856419,0
2023-02-13,673044131,6857217,0
2023-02-14,673237731,6858411,0
2023-02-15,673477639,6859933,0
2023-02-16,673685532,6862019,0
2023-02-17,673878833,6863873,0
2023-02-18,673969796,6864248,0
2023-02-19,674056229,6864711,0
2023-02-20,674143589,6865287,0
2023-02-21,674323721,6866088,0
2023-02-22,674569824,6867909,0
2023-02-23,674790916,6869817,0
2023-02-24,674933342,6870806,0
2023-02-25,674978793,6871024,0
2023-02-26,675044414,6871268,0
2023-02-27,675171439,6871808,0
2023-02-28,675322238,6872682,0
2023-03-01,675542852,6874463,0
2023-03-02,675731911,6876031,0
2023-03-03,675914580,6877325,0
2023-03-04,675968775,6877601,0
2023-03-05,676024901,6877749,0
2023-03-06,676082941,6878115,0
2023-03-07,676213378,6879038,0
2023-03-08,676392824,6880483,0
2023-03-09,676570149,6881802,0
